number,has_facebook_account,status,detail,seconds,checked_at
249117849447,no,NO_ACCOUNT,login_identify_search_error_msg,3.01,2026-09-16 03:11:27
249117841847,no,NO_ACCOUNT,login_identify_search_error_msg,3.39,2026-09-16 03:11:27
249117845381,no,NO_ACCOUNT,login_identify_search_error_msg,3.16,2026-09-16 03:11:27
249117848770,yes,ACCOUNT_EXISTS,url changed,3.6,2026-09-16 03:11:27
249117844211,yes,ACCOUNT_EXISTS,url changed,5.25,2026-09-16 03:11:27
249117841706,no,NO_ACCOUNT,login_identify_search_error_msg,1.45,2026-09-16 03:11:27
249117847513,yes,ACCOUNT_EXISTS,url changed,2.93,2026-09-16 03:11:27
249117840026,yes,ACCOUNT_EXISTS,url changed,3.38,2026-09-16 03:11:27
249117845312,no,NO_ACCOUNT,login_identify_search_error_msg,1.6,2026-09-16 03:11:27
249117845710,yes,ACCOUNT_EXISTS,url changed,2.18,2026-09-16 03:11:27
249117848947,yes,ACCOUNT_EXISTS,url changed,5.0,2026-09-16 03:11:27
249117841185,no,NO_ACCOUNT,login_identify_search_error_msg,2.03,2026-09-16 03:11:27
249117845652,yes,ACCOUNT_EXISTS,url changed,1.87,2026-09-16 03:11:27
249117846468,yes,ACCOUNT_EXISTS,url changed,2.19,2026-09-16 03:11:27
249117845687,no,NO_ACCOUNT,login_identify_search_error_msg,1.56,2026-09-16 03:11:27
249117847184,no,NO_ACCOUNT,login_identify_search_error_msg,1.58,2026-09-16 03:11:27
249117844126,yes,ACCOUNT_EXISTS,url changed,4.38,2026-09-16 03:11:27
249117847126,no,NO_ACCOUNT,login_identify_search_error_msg,1.36,2026-09-16 03:11:27
249117843660,yes,ACCOUNT_EXISTS,url changed,4.14,2026-09-16 03:11:27
249117840637,yes,ACCOUNT_EXISTS,url changed,1.89,2026-09-16 03:11:27
249117840455,no,NO_ACCOUNT,login_identify_search_error_msg,1.61,2026-09-16 03:11:27
249117846163,yes,ACCOUNT_EXISTS,url changed,3.77,2026-09-16 03:11:27
249117846406,no,NO_ACCOUNT,login_identify_search_error_msg,1.91,2026-09-16 03:11:27
249117844200,yes,ACCOUNT_EXISTS,url changed,1.91,2026-09-16 03:11:27
249117846803,yes,ACCOUNT_EXISTS,url changed,4.64,2026-09-16 03:11:27
249117847149,no,NO_ACCOUNT,login_identify_search_error_msg,3.36,2026-09-16 03:11:27
249117845586,no,NO_ACCOUNT,login_identify_search_error_msg,1.31,2026-09-16 03:11:27
249117846313,yes (disabled),ACCOUNT_DISABLED,account disabled page,3.06,2026-09-16 03:11:27
249117848035,yes,ACCOUNT_EXISTS,url changed,2.97,2026-09-16 03:11:27
249117843138,no,NO_ACCOUNT,login_identify_search_error_msg,1.59,2026-09-16 03:11:27
249117840137,yes,ACCOUNT_EXISTS,url changed,2.01,2026-09-16 03:11:27
249117848710,no,NO_ACCOUNT,login_identify_search_error_msg,1.84,2026-09-16 03:11:27
249117847496,no,NO_ACCOUNT,login_identify_search_error_msg,1.32,2026-09-16 03:11:27
249117844850,no,NO_ACCOUNT,login_identify_search_error_msg,1.38,2026-09-16 03:11:27
249117845624,yes,ACCOUNT_EXISTS,url changed,4.73,2026-09-16 03:11:27
249117846678,no,NO_ACCOUNT,login_identify_search_error_msg,1.58,2026-09-16 03:11:27
249117847418,yes,ACCOUNT_EXISTS,url changed,3.65,2026-09-16 03:11:27
249117847138,yes,ACCOUNT_EXISTS,url changed,2.27,2026-09-16 03:11:27
249117844312,yes,ACCOUNT_EXISTS,url changed,3.55,2026-09-16 03:11:27
249117847579,no,NO_ACCOUNT,login_identify_search_error_msg,1.75,2026-09-16 03:11:27
249117841564,yes,ACCOUNT_EXISTS,url changed,2.02,2026-09-16 03:11:27
249117840197,yes,ACCOUNT_EXISTS,url changed,2.44,2026-09-16 03:11:27
249117840877,yes,ACCOUNT_EXISTS,url changed,3.83,2026-09-16 03:11:27
249117843797,no,NO_ACCOUNT,login_identify_search_error_msg,1.53,2026-09-16 03:11:27
249117842031,no,NO_ACCOUNT,login_identify_search_error_msg,1.38,2026-09-16 03:11:27
249117849996,no,NO_ACCOUNT,login_identify_search_error_msg,1.55,2026-09-16 03:11:27
249117845934,no,NO_ACCOUNT,login_identify_search_error_msg,1.75,2026-09-16 03:11:27
249117849477,yes,ACCOUNT_EXISTS,url changed,4.74,2026-09-16 03:11:27
249117845952,yes,ACCOUNT_EXISTS,url changed,4.61,2026-09-16 03:11:27
249117842102,no,NO_ACCOUNT,login_identify_search_error_msg,2.15,2026-09-16 03:11:27
249117844036,no,NO_ACCOUNT,login_identify_search_error_msg,3.42,2026-09-16 03:11:27
249117842018,yes,ACCOUNT_EXISTS,url changed,2.65,2026-09-16 03:11:27
249117842595,yes,ACCOUNT_EXISTS,url changed,1.79,2026-09-16 03:11:27
249117843526,no,NO_ACCOUNT,login_identify_search_error_msg,1.59,2026-09-16 03:11:27
249117844510,yes,ACCOUNT_EXISTS,url changed,4.96,2026-09-16 03:11:27
249117843179,yes,ACCOUNT_EXISTS,url changed,4.12,2026-09-16 03:11:27
249117840118,yes,ACCOUNT_EXISTS,url changed,2.18,2026-09-16 03:11:27
249117844024,yes,ACCOUNT_EXISTS,url changed,1.92,2026-09-16 03:11:27
249117848822,no,NO_ACCOUNT,login_identify_search_error_msg,1.71,2026-09-16 03:11:27
249117840347,yes,ACCOUNT_EXISTS,url changed,1.99,2026-09-16 03:11:27
249117846127,yes,ACCOUNT_EXISTS,url changed,3.75,2026-09-16 03:11:27
249117849389,no,NO_ACCOUNT,login_identify_search_error_msg,3.52,2026-09-16 03:11:27
249117844554,no,NO_ACCOUNT,login_identify_search_error_msg,3.02,2026-09-16 03:11:27
249117849140,yes,ACCOUNT_EXISTS,url changed,2.71,2026-09-16 03:11:27
249117848488,yes,ACCOUNT_EXISTS,url changed,4.47,2026-09-16 03:11:27
249117846202,yes,ACCOUNT_EXISTS,url changed,4.23,2026-09-16 03:11:27
249117846175,no,NO_ACCOUNT,login_identify_search_error_msg,2.21,2026-09-16 03:11:27
249117842953,no,NO_ACCOUNT,login_identify_search_error_msg,1.32,2026-09-16 03:11:27
249117841639,yes,ACCOUNT_EXISTS,url changed,2.8,2026-09-16 03:11:27
249117845247,no,NO_ACCOUNT,login_identify_search_error_msg,2.21,2026-09-16 03:11:27
249117841223,yes,ACCOUNT_EXISTS,url changed,2.41,2026-09-16 03:11:27
249117840438,no,NO_ACCOUNT,login_identify_search_error_msg,1.57,2026-09-16 03:11:27
249117849696,yes,ACCOUNT_EXISTS,url changed,2.17,2026-09-16 03:11:27
249117843600,yes,ACCOUNT_EXISTS,url changed,2.12,2026-09-16 03:11:27
249117848010,yes,ACCOUNT_EXISTS,url changed,2.12,2026-09-16 03:11:27
249117844423,no,NO_ACCOUNT,login_identify_search_error_msg,2.09,2026-09-16 03:11:27
249117842042,yes,ACCOUNT_EXISTS,url changed,2.67,2026-09-16 03:11:27
249117842551,yes,ACCOUNT_EXISTS,url changed,2.14,2026-09-16 03:11:27
249117849631,yes,ACCOUNT_EXISTS,url changed,2.18,2026-09-16 03:11:27
249117840847,no,NO_ACCOUNT,login_identify_search_error_msg,1.61,2026-09-16 03:11:27
249117844681,yes,ACCOUNT_EXISTS,url changed,3.61,2026-09-16 03:11:27
249117842512,no,NO_ACCOUNT,login_identify_search_error_msg,1.99,2026-09-16 03:11:27
249117849191,no,NO_ACCOUNT,login_identify_search_error_msg,1.88,2026-09-16 03:11:27
249117840489,yes,ACCOUNT_EXISTS,url changed,2.62,2026-09-16 03:11:27
249117848197,yes,ACCOUNT_EXISTS,url changed,2.28,2026-09-16 03:11:27
249117843981,yes,ACCOUNT_EXISTS,url changed,2.88,2026-09-16 03:11:27
249117848419,yes,ACCOUNT_EXISTS,url changed,1.93,2026-09-16 03:11:27
249117845558,yes,ACCOUNT_EXISTS,url changed,1.92,2026-09-16 03:11:27
249117844782,yes,ACCOUNT_EXISTS,url changed,2.55,2026-09-16 03:11:27
249117842580,no,NO_ACCOUNT,login_identify_search_error_msg,2.06,2026-09-16 03:11:27
249117847211,no,NO_ACCOUNT,login_identify_search_error_msg,2.15,2026-09-16 03:11:27
249117849239,no,NO_ACCOUNT,login_identify_search_error_msg,1.93,2026-09-16 03:11:27
249117844934,yes,ACCOUNT_EXISTS,url changed,3.3,2026-09-16 03:11:27
249117845517,no,NO_ACCOUNT,login_identify_search_error_msg,1.68,2026-09-16 03:11:27
249117844247,yes,ACCOUNT_EXISTS,url changed,2.74,2026-09-16 03:11:27
249117843617,no,NO_ACCOUNT,login_identify_search_error_msg,1.77,2026-09-16 03:11:27
249117845128,no,NO_ACCOUNT,login_identify_search_error_msg,2.05,2026-09-16 03:11:27
249117845188,no,NO_ACCOUNT,login_identify_search_error_msg,1.76,2026-09-16 03:11:27
249117846217,error,ERROR,input not found,66.39,2026-09-16 03:11:27
249117842304,error,ERROR,input not found,66.25,2026-09-16 03:11:27
